25/07/2019,mPesa,112580,23943,51386,80538,14794,125229,KES
26/07/2019,mPesa,125229,23997,59677,75686,13504,147405,KES
27/07/2019,mPesa,147405,24734,56039,77699,11840,166870,KES
28/07/2019,mPesa,166870,21027,47113,78063,13641,179315,KES
29/07/2019,mPesa,179315,20393,47818,82194,14791,191949,KES
30/07/2019,mPesa,191949,23865,33202,80378,12888,188398,KES
31/07/2019,mPesa,188398,24599,37184,76787,11128,189855,KES
01/08/2019,mPesa,189855,23259,45503,78090,14905,197194,KES
02/08/2019,mPesa,197194,20164,55931,79552,13976,218985,KES
03/08/2019,mPesa,218985,23354,44739,83365,10110,230260,KES
04/08/2019,mPesa,230260,20749,38748,79925,11037,237222,KES
05/08/2019,mPesa,237222,21649,47882,78239,10206,253249,KES
06/08/2019,mPesa,253249,21194,30703,77070,11063,251695,KES
07/08/2019,mPesa,251695,22083,42677,81783,13037,259252,KES
08/08/2019,mPesa,259252,23021,33282,84335,14818,254695,KES
09/08/2019,mPesa,254695,22868,53852,77911,11537,274142,KES
10/08/2019,mPesa,274142,21343,48176,77858,11259,289716,KES
11/08/2019,mPesa,289716,21805,45938,83167,10588,303261,KES
12/08/2019,mPesa,303261,23072,32411,79746,12924,299676,KES
13/08/2019,mPesa,299676,22790,48678,78038,10639,314925,KES
14/08/2019,mPesa,314925,22077,39522,79185,12495,319875,KES
15/08/2019,mPesa,319875,22947,43661,76503,10731,329858,KES
16/08/2019,mPesa,329858,24051,46151,84279,14175,337783,KES
17/08/2019,mPesa,337783,20709,47385,84342,11089,353370,KES
18/08/2019,mPesa,353370,20307,58126,76422,11577,379612,KES
19/08/2019,mPesa,379612,20820,46526,80021,14113,391205,KES
20/08/2019,mPesa,391205,22483,58548,83840,11451,415819,KES
21/08/2019,mPesa,415819,22396,57050,77019,10345,440128,KES
22/08/2019,mPesa,440128,21698,45531,76240,10517,453444,KES
23/08/2019,mPesa,453444,24393,52481,81598,10759,470773,KES
24/08/2019,mPesa,470773,20147,53304,77329,10769,493161,KES
25/08/2019,mPesa,493161,20848,33525,82617,10130,495708,KES
26/08/2019,mPesa,495708,20975,44431,81401,13679,505485,KES
27/08/2019,mPesa,505485,24602,54827,82147,13629,522081,KES
28/08/2019,mPesa,522081,23587,56296,77122,11017,543773,KES
29/08/2019,mPesa,543773,22661,32431,76399,11554,541989,KES
30/08/2019,mPesa,541989,22129,49144,83582,12857,556147,KES
31/08/2019,mPesa,556147,23099,41397,75563,10734,563711,KES
01/09/2019,mPesa,563711,23197,38239,81849,10830,567923,KES
02/09/2019,mPesa,567923,22710,42875,77087,10650,577438,KES
03/09/2019,mPesa,577438,21926,52034,83285,10289,597257,KES
04/09/2019,mPesa,597257,23352,43727,76866,13646,603986,KES
05/09/2019,mPesa,603986,23059,59801,76872,11277,629451,KES
06/09/2019,mPesa,629451,21991,54372,76272,12001,649831,KES
07/09/2019,mPesa,649831,23366,46786,79259,10553,662698,KES
08/09/2019,mPesa,662698,20070,39851,76933,12511,669968,KES
09/09/2019,mPesa,669968,20426,41869,83554,10037,681374,KES
10/09/2019,mPesa,681374,24242,52008,76856,12611,696529,KES
11/09/2019,mPesa,696529,22778,44685,75177,12547,705889,KES
12/09/2019,mPesa,705889,21494,59765,75862,11062,733098,KES
13/09/2019,mPesa,733098,23962,57827,81357,12361,754602,KES
14/09/2019,mPesa,754602,20760,58242,80460,13238,778846,KES
15/09/2019,mPesa,778846,20091,32471,80791,14848,776378,KES
16/09/2019,mPesa,776378,23218,56068,76897,11585,797643,KES
17/09/2019,mPesa,797643,21858,49446,83423,12345,812886,KES
18/09/2019,mPesa,812886,24283,48850,84979,11962,825491,KES
19/09/2019,mPesa,825491,21735,54780,78799,13076,845460,KES
20/09/2019,mPesa,845460,24007,48304,83408,10704,859053,KES
21/09/2019,mPesa,859053,20304,48686,78561,10193,877242,KES
22/09/2019,mPesa,877242,23110,51446,76133,14491,891087,KES
23/09/2019,mPesa,891087,20270,31310,75141,12211,889916,KES
24/09/2019,mPesa,889916,23470,53315,82669,11838,907923,KES
25/09/2019,mPesa,907923,23539,56406,79170,14862,925928,KES
26/09/2019,mPesa,925928,20587,49064,79585,10306,944099,KES
27/09/2019,mPesa,944099,24290,56357,75398,14347,961819,KES
28/09/2019,mPesa,961819,24496,38745,83866,11745,964323,KES
29/09/2019,mPesa,964323,24989,32224,78618,13876,957682,KES
30/09/2019,mPesa,957682,23328,43851,79530,12072,966133,KES
01/10/2019,mPesa,966133,21698,50898,78192,10115,985218,KES
02/10/2019,mPesa,985218,22018,59929,78987,14853,1008276,KES
03/10/2019,mPesa,1008276,23241,45478,83764,12772,1017741,KES
04/10/2019,mPesa,1017741,20281,56256,77964,11616,1042100,KES
05/10/2019,mPesa,1042100,24017,44178,79856,14662,1047599,KES
06/10/2019,mPesa,1047599,21142,50384,79927,11630,1065211,KES
07/10/2019,mPesa,1065211,23393,33320,78811,14349,1060789,KES
08/10/2019,mPesa,1060789,22046,47106,84449,12897,1072952,KES
09/10/2019,mPesa,1072952,21691,58103,79519,12306,1097058,KES
10/10/2019,mPesa,1097058,24612,53624,84175,11668,1114402,KES
11/10/2019,mPesa,1114402,21410,43096,75039,14495,1121593,KES
12/10/2019,mPesa,1121593,21109,45828,82106,13291,1133021,KES
13/10/2019,mPesa,1133021,21702,31105,76767,10141,1132283,KES
14/10/2019,mPesa,1132283,21419,54599,79472,10016,1155447,KES
15/10/2019,mPesa,1155447,22272,50825,82823,14003,1169997,KES
16/10/2019,mPesa,1169997,24445,40147,81880,11911,1173788,KES
17/10/2019,mPesa,1173788,23442,35349,80770,14983,1170712,KES
18/10/2019,mPesa,1170712,24492,58753,79992,13245,1191728,KES
19/10/2019,mPesa,1191728,24977,36204,79236,14251,1188704,KES
20/10/2019,mPesa,1188704,20844,52806,78283,12075,1208591,KES
21/10/2019,mPesa,1208591,22175,54713,80345,14264,1226865,KES
22/10/2019,mPesa,1226865,23759,42889,80908,10088,1235907,KES
23/10/2019,mPesa,1235907,24179,57115,80315,11199,1257644,KES
24/10/2019,mPesa,1257644,20429,30970,79514,13818,1254367,KES
25/10/2019,mPesa,1254367,22427,42275,78074,13853,1260362,KES
26/10/2019,mPesa,1260362,24061,36380,83401,13128,1259553,KES
27/10/2019,mPesa,1259553,22833,53780,75226,14978,1275522,KES
28/10/2019,mPesa,1275522,23611,43893,81782,11334,1284470,KES
29/10/2019,mPesa,1284470,20309,49745,78221,12609,1301297,KES
30/10/2019,mPesa,1301297,21767,34777,77195,14021,1300286,KES
31/10/2019,mPesa,1300286,22589,35066,81649,12622,1300141,KES
01/11/2019,mPesa,1300141,22269,44326,84155,13118,1309080,KES
02/11/2019,mPesa,1309080,20451,48830,83229,10643,1326816,KES
03/11/2019,mPesa,1326816,21233,48387,83479,10347,1343623,KES
04/11/2019,mPesa,1343623,24036,47719,78880,14562,1352744,KES
05/11/2019,mPesa,1352744,21541,43719,80901,12645,1362277,KES
06/11/2019,mPesa,1362277,20520,32031,79330,10944,1362844,KES
07/11/2019,mPesa,1362844,24360,59143,78408,11629,1385998,KES
08/11/2019,mPesa,1385998,24626,30650,78329,13872,1378150,KES
09/11/2019,mPesa,1378150,20236,37205,82605,14764,1380355,KES
10/11/2019,mPesa,1380355,24256,52832,84822,12787,1396144,KES
11/11/2019,mPesa,1396144,24909,58094,82645,10021,1419308,KES
12/11/2019,mPesa,1419308,22960,31470,83991,14053,1413765,KES
13/11/2019,mPesa,1413765,24881,40094,84398,10165,1418813,KES
14/11/2019,mPesa,1418813,20964,59461,81859,12520,1444790,KES
15/11/2019,mPesa,1444790,24492,31775,75185,12211,1439862,KES
16/11/2019,mPesa,1439862,22089,43727,81708,14046,1447454,KES
17/11/2019,mPesa,1447454,21576,50601,77397,12685,1463794,KES
18/11/2019,mPesa,1463794,22973,57975,84467,10285,1488511,KES
19/11/2019,mPesa,1488511,22572,57304,81292,12750,1510493,KES
20/11/2019,mPesa,1510493,22921,40729,80347,10745,1517556,KES
21/11/2019,mPesa,1517556,23987,40799,80016,13426,1520942,KES
22/11/2019,mPesa,1520942,20337,45156,80803,12033,1533728,KES
23/11/2019,mPesa,1533728,24352,45372,83996,11412,1543336,KES
24/11/2019,mPesa,1543336,24248,45423,77264,11761,1552750,KES
25/11/2019,mPesa,1552750,22615,59434,83727,13170,1576399,KES
26/11/2019,mPesa,1576399,20756,37337,79807,13259,1579721,KES
27/11/2019,mPesa,1579721,21609,52167,82734,13413,1596866,KES
28/11/2019,mPesa,1596866,24373,59884,79009,13778,1618599,KES
29/11/2019,mPesa,1618599,22870,50224,79222,11379,1634574,KES
30/11/2019,mPesa,1634574,20926,52215,80196,14600,1651263,KES
01/12/2019,mPesa,1651263,21207,47298,75197,14664,1662690,KES
02/12/2019,mPesa,1662690,24305,48030,80320,14933,1671482,KES
03/12/2019,mPesa,1671482,21152,42163,81276,12184,1680309,KES
04/12/2019,mPesa,1680309,20340,44446,81571,14851,1689564,KES
05/12/2019,mPesa,1689564,21099,38736,82998,11335,1695866,KES
06/12/2019,mPesa,1695866,20582,59348,79982,13022,1721610,KES
07/12/2019,mPesa,1721610,22534,54019,78229,13825,1739270,KES
08/12/2019,mPesa,1739270,22489,30407,82496,12727,1734461,KES
09/12/2019,mPesa,1734461,22853,38054,84525,14982,1734680,KES
10/12/2019,mPesa,1734680,20934,37013,83246,13747,1737012,KES
11/12/2019,mPesa,1737012,20982,49108,75901,14035,1751103,KES
12/12/2019,mPesa,1751103,21883,32268,80561,13652,1747836,KES
13/12/2019,mPesa,1747836,20982,55563,78071,10976,1771441,KES
14/12/2019,mPesa,1771441,21816,44674,77978,12367,1781932,KES
15/12/2019,mPesa,1781932,20312,38845,81700,10081,1790384,KES
16/12/2019,mPesa,1790384,23617,58375,76350,11736,1813406,KES
17/12/2019,mPesa,1813406,20496,30694,83185,13067,1810537,KES
18/12/2019,mPesa,1810537,22599,42470,77224,13439,1816969,KES
19/12/2019,mPesa,1816969,21249,30151,82404,11402,1814469,KES
20/12/2019,mPesa,1814469,20216,49381,77482,14471,1829163,KES
21/12/2019,mPesa,1829163,20055,48581,75320,14530,1843159,KES
22/12/2019,mPesa,1843159,23325,34558,75095,11395,1842997,KES
23/12/2019,mPesa,1842997,21922,58350,77095,14155,1865270,KES
24/12/2019,mPesa,1865270,23613,35389,83820,12911,1864135,KES
25/12/2019,mPesa,1864135,22872,48359,82645,12262,1877360,KES
26/12/2019,mPesa,1877360,24645,56393,82068,12571,1896537,KES
27/12/2019,mPesa,1896537,24953,35481,76804,10582,1896483,KES
28/12/2019,mPesa,1896483,23378,47578,82724,12630,1908053,KES
29/12/2019,mPesa,1908053,22323,43037,82388,11248,1917519,KES
30/12/2019,mPesa,1917519,24906,59427,80510,11812,1940228,KES
31/12/2019,mPesa,1940228,24017,57085,76290,13215,1960081,KES
01/01/2020,mPesa,1960081,24339,34898,82072,12340,1958300,KES
02/01/2020,mPesa,1958300,20048,33353,82793,12010,1959595,KES
03/01/2020,mPesa,1959595,23079,46073,78518,14183,1968406,KES
04/01/2020,mPesa,1968406,22929,56312,76214,14644,1987145,KES
05/01/2020,mPesa,1987145,22588,42779,83772,14338,1992998,KES
06/01/2020,mPesa,1992998,21968,33342,76887,12020,1992352,KES
07/01/2020,mPesa,1992352,22355,50223,76381,10722,2009498,KES
08/01/2020,mPesa,2009498,23074,31034,83755,11718,2005740,KES
09/01/2020,mPesa,2005740,21521,54489,81833,13549,2025159,KES
10/01/2020,mPesa,2025159,22977,57558,75547,10489,2049251,KES
11/01/2020,mPesa,2049251,22156,51813,78469,10386,2068522,KES
12/01/2020,mPesa,2068522,24549,55659,80609,12121,2087511,KES
13/01/2020,mPesa,2087511,20339,44065,80110,14457,2096780,KES
14/01/2020,mPesa,2096780,23574,54281,76833,13985,2113502,KES
15/01/2020,mPesa,2113502,24132,43682,78988,12320,2120732,KES
16/01/2020,mPesa,2120732,21596,48056,77814,13207,2133985,KES
17/01/2020,mPesa,2133985,21234,36001,76541,12237,2136515,KES
18/01/2020,mPesa,2136515,22599,44079,81619,12899,2145096,KES
19/01/2020,mPesa,2145096,23681,50392,80958,13939,2157868,KES
20/01/2020,mPesa,2157868,20298,46478,82670,14077,2169971,KES
25/07/2019,Airtel,112580,5458,13590,15023,5992,114720,KES
26/07/2019,Airtel,114720,5699,15468,17052,5709,118780,KES
27/07/2019,Airtel,118780,5701,15724,17243,5122,123681,KES
28/07/2019,Airtel,123681,5165,8820,17180,4124,123212,KES
29/07/2019,Airtel,123212,5695,13114,15921,5347,125284,KES
30/07/2019,Airtel,125284,5065,13250,16117,5928,127541,KES
31/07/2019,Airtel,127541,6039,9627,15734,4746,126383,KES
01/08/2019,Airtel,126383,6171,16320,15013,4902,131630,KES
02/08/2019,Airtel,131630,5881,15895,15367,4261,137383,KES
03/08/2019,Airtel,137383,6244,14834,15998,4131,141842,KES
04/08/2019,Airtel,141842,5864,10423,15307,5075,141326,KES
05/08/2019,Airtel,141326,6169,14288,16050,4327,145118,KES
06/08/2019,Airtel,145118,5059,12969,15719,5587,147441,KES
07/08/2019,Airtel,147441,5699,15895,17436,5813,151824,KES
08/08/2019,Airtel,151824,5495,17020,15134,5070,158279,KES
09/08/2019,Airtel,158279,5710,7630,16646,4232,155967,KES
10/08/2019,Airtel,155967,5223,12037,17135,4042,158739,KES
11/08/2019,Airtel,158739,5858,11466,17369,4419,159928,KES
12/08/2019,Airtel,159928,5663,13125,15999,5600,161790,KES
13/08/2019,Airtel,161790,5111,7941,16341,5812,158808,KES
14/08/2019,Airtel,158808,5904,17222,16877,4474,165652,KES
15/08/2019,Airtel,165652,5682,7680,15710,4887,162763,KES
16/08/2019,Airtel,162763,6150,8709,17918,4423,160899,KES
17/08/2019,Airtel,160899,5631,8677,17677,4406,159539,KES
18/08/2019,Airtel,159539,6062,17297,17240,4771,166003,KES
19/08/2019,Airtel,166003,5003,12212,16914,4454,168758,KES
20/08/2019,Airtel,168758,5327,12593,15497,5096,170928,KES
21/08/2019,Airtel,170928,6142,13138,15829,5533,172391,KES
22/08/2019,Airtel,172391,5791,12032,16286,5419,173213,KES
23/08/2019,Airtel,173213,6146,8792,17813,4123,171736,KES
24/08/2019,Airtel,171736,6088,16068,16514,4304,177412,KES
25/08/2019,Airtel,177412,5111,12195,15224,5756,178740,KES
26/08/2019,Airtel,178740,5669,10679,17595,5839,177911,KES
27/08/2019,Airtel,177911,5257,13313,15608,5757,180210,KES
28/08/2019,Airtel,180210,5229,14729,15867,5661,184049,KES
29/08/2019,Airtel,184049,5341,15792,17792,4263,190237,KES
30/08/2019,Airtel,190237,6021,15006,15939,4984,194238,KES
31/08/2019,Airtel,194238,5123,16421,16064,5566,199970,KES
01/09/2019,Airtel,199970,5836,16901,15039,4332,206703,KES
02/09/2019,Airtel,206703,6137,16320,17524,4496,212390,KES
03/09/2019,Airtel,212390,5985,10076,15965,5414,211067,KES
04/09/2019,Airtel,211067,5251,8140,17661,5185,208771,KES
05/09/2019,Airtel,208771,5628,11249,16511,4836,209556,KES
06/09/2019,Airtel,209556,5157,9405,17526,4311,209493,KES
07/09/2019,Airtel,209493,5011,15206,17544,4029,215659,KES
08/09/2019,Airtel,215659,5517,13819,15784,5023,218938,KES
09/09/2019,Airtel,218938,5447,9091,15430,5336,217246,KES
10/09/2019,Airtel,217246,6201,13817,16979,5732,219130,KES
11/09/2019,Airtel,219130,5956,10687,15807,4725,219136,KES
12/09/2019,Airtel,219136,5832,16904,17808,5270,224938,KES
13/09/2019,Airtel,224938,5204,10538,17396,5443,224829,KES
14/09/2019,Airtel,224829,5731,10879,16588,5324,224653,KES
15/09/2019,Airtel,224653,5023,8014,17887,5515,222129,KES
16/09/2019,Airtel,222129,5090,13671,16229,4841,225869,KES
17/09/2019,Airtel,225869,5656,8962,16801,4857,224318,KES
18/09/2019,Airtel,224318,6233,10801,17113,4992,223894,KES
19/09/2019,Airtel,223894,5218,12779,17155,5457,225998,KES
20/09/2019,Airtel,225998,5958,8524,15974,4525,224039,KES
21/09/2019,Airtel,224039,5122,8958,15251,5289,222586,KES
22/09/2019,Airtel,222586,5147,9976,16389,4975,222440,KES
23/09/2019,Airtel,222440,6017,7877,15140,4174,220126,KES
24/09/2019,Airtel,220126,6170,9565,16419,4252,219269,KES
25/09/2019,Airtel,219269,5574,10930,17886,4123,220502,KES
26/09/2019,Airtel,220502,5657,9415,16057,4525,219735,KES
27/09/2019,Airtel,219735,6250,9048,15497,4255,218278,KES
28/09/2019,Airtel,218278,5912,8509,17344,5925,214950,KES
29/09/2019,Airtel,214950,5487,13137,15026,5072,217528,KES
30/09/2019,Airtel,217528,6157,11982,17938,4203,219150,KES
01/10/2019,Airtel,219150,5238,9945,17137,4695,219162,KES
02/10/2019,Airtel,219162,5828,12973,16556,5362,220945,KES
03/10/2019,Airtel,220945,5483,15525,16671,5013,225974,KES
04/10/2019,Airtel,225974,5935,16693,17274,4818,231914,KES
05/10/2019,Airtel,231914,5532,10043,17622,5002,231423,KES
06/10/2019,Airtel,231423,5787,10435,16202,4395,231676,KES
07/10/2019,Airtel,231676,5947,9465,15584,5717,229477,KES
08/10/2019,Airtel,229477,5941,8485,16555,5150,226871,KES
09/10/2019,Airtel,226871,5412,15285,17136,4308,232436,KES
10/10/2019,Airtel,232436,5357,10380,15818,5548,231911,KES
11/10/2019,Airtel,231911,5022,10266,16275,4918,232237,KES
12/10/2019,Airtel,232237,5669,14995,16725,5456,236107,KES
13/10/2019,Airtel,236107,6188,7942,15038,5094,232767,KES
14/10/2019,Airtel,232767,6060,8238,17232,5672,229273,KES
15/10/2019,Airtel,229273,5793,12751,17215,4186,232045,KES
16/10/2019,Airtel,232045,6241,16337,15035,5618,236523,KES
17/10/2019,Airtel,236523,5133,13715,16784,4529,240576,KES
18/10/2019,Airtel,240576,5173,7528,17343,5328,237603,KES
19/10/2019,Airtel,237603,5640,10831,17080,4669,238125,KES
20/10/2019,Airtel,238125,5564,15400,15524,5197,242764,KES
21/10/2019,Airtel,242764,6089,10076,15191,4255,242496,KES
22/10/2019,Airtel,242496,6086,15029,15303,5151,246288,KES
23/10/2019,Airtel,246288,5156,7838,16944,4975,243995,KES
24/10/2019,Airtel,243995,5445,13312,15610,5473,246389,KES
25/10/2019,Airtel,246389,5315,8155,15201,4257,244972,KES
26/10/2019,Airtel,244972,6166,15304,17875,4054,250056,KES
27/10/2019,Airtel,250056,6148,13873,15309,5423,252358,KES
28/10/2019,Airtel,252358,5951,8747,17187,4378,250776,KES
29/10/2019,Airtel,250776,5436,11745,17755,5327,251758,KES
30/10/2019,Airtel,251758,5805,15097,15122,4713,256337,KES
31/10/2019,Airtel,256337,5908,7783,15152,4964,253248,KES
01/11/2019,Airtel,253248,5032,9513,15094,4651,253078,KES
02/11/2019,Airtel,253078,6046,15434,16587,4540,257926,KES
03/11/2019,Airtel,257926,6074,15739,15975,4167,263424,KES
04/11/2019,Airtel,263424,5337,16157,15885,4991,269253,KES
05/11/2019,Airtel,269253,6207,15478,16219,4377,274147,KES
06/11/2019,Airtel,274147,5087,11660,16182,5831,274889,KES
07/11/2019,Airtel,274889,5384,9152,15274,5888,272769,KES
08/11/2019,Airtel,272769,5933,16353,15675,4426,278763,KES
09/11/2019,Airtel,278763,5226,9178,16673,4838,277877,KES
10/11/2019,Airtel,277877,5961,15592,17970,5359,282149,KES
11/11/2019,Airtel,282149,5143,12801,16376,5311,284496,KES
12/11/2019,Airtel,284496,6098,11365,16764,4983,284780,KES
13/11/2019,Airtel,284780,5367,14848,16703,5336,288925,KES
14/11/2019,Airtel,288925,5268,10448,17492,4677,289428,KES
15/11/2019,Airtel,289428,5792,15132,15753,4069,294699,KES
16/11/2019,Airtel,294699,6100,9844,17826,5213,293230,KES
17/11/2019,Airtel,293230,5235,11421,15215,4514,294902,KES
18/11/2019,Airtel,294902,5345,14511,16734,4055,300013,KES
19/11/2019,Airtel,300013,6147,13974,15521,4848,302992,KES
20/11/2019,Airtel,302992,5889,8471,15600,5690,299884,KES
21/11/2019,Airtel,299884,5886,13206,15360,5724,301480,KES
22/11/2019,Airtel,301480,6066,14696,17778,5022,305088,KES
23/11/2019,Airtel,305088,6011,12804,17279,5004,306877,KES
24/11/2019,Airtel,306877,5443,14069,15496,5314,310189,KES
25/11/2019,Airtel,310189,5711,9990,16919,4852,309616,KES
26/11/2019,Airtel,309616,5996,15293,16599,5581,313332,KES
27/11/2019,Airtel,313332,5949,15277,17360,5675,316985,KES
28/11/2019,Airtel,316985,6232,8524,16141,4054,315223,KES
29/11/2019,Airtel,315223,5384,8421,15346,4082,314178,KES
30/11/2019,Airtel,314178,5073,8409,15342,4106,313408,KES
01/12/2019,Airtel,313408,5780,14267,16914,5063,316832,KES
02/12/2019,Airtel,316832,5057,17441,16667,5487,323729,KES
03/12/2019,Airtel,323729,5934,17191,16660,5224,329762,KES
04/12/2019,Airtel,329762,6022,13092,16810,5289,331543,KES
05/12/2019,Airtel,331543,5272,13224,16368,4394,335101,KES
06/12/2019,Airtel,335101,5450,13433,15761,4382,338702,KES
07/12/2019,Airtel,338702,5258,15886,15447,5454,343876,KES
08/12/2019,Airtel,343876,5396,8106,17031,5254,341332,KES
09/12/2019,Airtel,341332,5563,12507,15032,5784,342492,KES
10/12/2019,Airtel,342492,6007,15418,16682,4370,347533,KES
11/12/2019,Airtel,347533,5285,17383,17890,4248,355383,KES
12/12/2019,Airtel,355383,5345,12804,17855,4529,358313,KES
13/12/2019,Airtel,358313,5326,11042,16975,4429,359600,KES
14/12/2019,Airtel,359600,5699,10890,17707,4226,360565,KES
15/12/2019,Airtel,360565,5654,14208,17549,4605,364514,KES
16/12/2019,Airtel,364514,5558,9888,16408,4055,364789,KES
17/12/2019,Airtel,364789,5566,16150,16376,4064,371309,KES
18/12/2019,Airtel,371309,5276,15845,15729,4642,377236,KES
19/12/2019,Airtel,377236,5836,10894,16892,5814,376480,KES
20/12/2019,Airtel,376480,5448,15093,15890,5881,380244,KES
21/12/2019,Airtel,380244,5602,7674,15387,5375,376941,KES
22/12/2019,Airtel,376941,5352,11636,17681,5638,377587,KES
23/12/2019,Airtel,377587,5893,8816,16439,4292,376218,KES
24/12/2019,Airtel,376218,5221,11964,15514,4723,378238,KES
25/12/2019,Airtel,378238,5300,15658,15819,5001,383595,KES
26/12/2019,Airtel,383595,5313,14020,16923,4088,388214,KES
27/12/2019,Airtel,388214,5365,17077,16026,5804,394122,KES
28/12/2019,Airtel,394122,5474,12527,16171,5816,395359,KES
29/12/2019,Airtel,395359,5949,16322,16390,5232,400500,KES
30/12/2019,Airtel,400500,5230,10647,17452,5149,400768,KES
31/12/2019,Airtel,400768,5818,17347,17183,4343,407954,KES
01/01/2020,Airtel,407954,5115,15717,16927,4386,414170,KES
02/01/2020,Airtel,414170,5854,10509,15110,5538,413287,KES
03/01/2020,Airtel,413287,5043,13883,16694,5422,416705,KES
04/01/2020,Airtel,416705,5935,15168,15163,5371,420567,KES
05/01/2020,Airtel,420567,5717,17026,15068,4354,427522,KES
06/01/2020,Airtel,427522,5269,12408,16255,5890,428771,KES
07/01/2020,Airtel,428771,5772,14294,15316,4057,433236,KES
08/01/2020,Airtel,433236,5582,8094,17243,5539,430209,KES
09/01/2020,Airtel,430209,5155,9560,17683,4010,430604,KES
10/01/2020,Airtel,430604,5882,11873,17101,4831,431764,KES
11/01/2020,Airtel,431764,5740,8941,17090,4848,430117,KES
12/01/2020,Airtel,430117,6230,13610,17236,4809,432688,KES
13/01/2020,Airtel,432688,6099,9828,17550,4894,431523,KES
14/01/2020,Airtel,431523,5312,15003,17469,5176,436038,KES
15/01/2020,Airtel,436038,5875,13122,15323,5586,437699,KES
16/01/2020,Airtel,437699,5298,9985,17691,4778,437608,KES
17/01/2020,Airtel,437608,6221,12365,15898,5878,437874,KES
18/01/2020,Airtel,437874,5018,11857,15724,4259,440454,KES
19/01/2020,Airtel,440454,6073,15598,16372,5424,444555,KES
20/01/2020,Airtel,444555,6029,15114,17847,5689,447951,KES
25/07/2019,SBM,9780,10160,17902,10332,6452,11070,KES
26/07/2019,SBM,11070,10746,15397,10977,7821,7900,KES
27/07/2019,SBM,7900,10653,16482,10153,6042,7687,KES
28/07/2019,SBM,7687,10602,17852,10149,6268,8669,KES
29/07/2019,SBM,8669,10615,17597,10738,7963,7688,KES
30/07/2019,SBM,7688,10536,18149,10357,6920,8381,KES
31/07/2019,SBM,8381,9379,15731,10302,7035,7698,KES
01/08/2019,SBM,7698,10576,15112,10723,7804,4430,KES
02/08/2019,SBM,4430,10078,17416,10472,7285,4483,KES
03/08/2019,SBM,4483,9875,16073,10360,6170,4511,KES
04/08/2019,SBM,4511,10072,19917,10880,6998,7358,KES
05/08/2019,SBM,7358,9412,18470,10695,7484,8932,KES
06/08/2019,SBM,8932,7982,19931,10787,6278,14603,KES
07/08/2019,SBM,14603,9261,19795,10267,7219,17918,KES
08/08/2019,SBM,17918,8444,15501,10643,6435,18540,KES
09/08/2019,SBM,18540,9542,17483,10040,7376,19105,KES
10/08/2019,SBM,19105,10865,18521,10498,7764,18997,KES
11/08/2019,SBM,18997,9740,19414,10761,7770,20901,KES
12/08/2019,SBM,20901,10805,16326,10806,6323,20099,KES
13/08/2019,SBM,20099,9808,16861,10421,6450,20702,KES
14/08/2019,SBM,20702,9230,15089,10012,7354,19207,KES
15/08/2019,SBM,19207,11003,19511,10398,7334,20381,KES
16/08/2019,SBM,20381,11033,16630,10855,6072,19906,KES
17/08/2019,SBM,19906,9429,15907,10626,6593,19791,KES
18/08/2019,SBM,19791,8661,16360,10305,7972,19518,KES
19/08/2019,SBM,19518,7551,19219,10162,6115,25071,KES
20/08/2019,SBM,25071,9358,16003,10751,6812,24904,KES
21/08/2019,SBM,24904,9761,15531,10291,7077,23597,KES
22/08/2019,SBM,23597,10685,16256,10925,6211,22957,KES
23/08/2019,SBM,22957,10845,15650,10810,7995,19767,KES
24/08/2019,SBM,19767,9156,16473,10751,6169,20915,KES
25/08/2019,SBM,20915,10626,15499,10579,7178,18610,KES
26/08/2019,SBM,18610,8387,15393,10389,7869,17747,KES
27/08/2019,SBM,17747,8886,19670,10476,6393,22138,KES
28/08/2019,SBM,22138,10122,17846,10221,7776,22086,KES
29/08/2019,SBM,22086,10291,17408,10340,6388,22815,KES
30/08/2019,SBM,22815,8044,17672,10429,6640,25803,KES
31/08/2019,SBM,25803,10059,17220,10993,7141,25823,KES
01/09/2019,SBM,25823,9061,18734,10126,6801,28695,KES
02/09/2019,SBM,28695,9690,19446,10599,7758,30693,KES
03/09/2019,SBM,30693,7504,17416,10055,6886,33719,KES
04/09/2019,SBM,33719,10944,18144,10496,6757,34162,KES
05/09/2019,SBM,34162,10840,16450,10915,6215,33557,KES
06/09/2019,SBM,33557,9554,19708,10617,6455,37256,KES
07/09/2019,SBM,37256,9815,18643,10657,7189,38895,KES
08/09/2019,SBM,38895,10683,18419,10139,7661,38970,KES
09/09/2019,SBM,38970,8608,15707,10028,6323,39746,KES
10/09/2019,SBM,39746,7624,19157,10363,7092,44187,KES
11/09/2019,SBM,44187,8477,16883,10538,7179,45414,KES
12/09/2019,SBM,45414,9342,19083,10180,7338,47817,KES
13/09/2019,SBM,47817,8001,15061,10411,6568,48309,KES
14/09/2019,SBM,48309,10311,17728,10685,7386,48340,KES
15/09/2019,SBM,48340,8506,16239,10371,6743,49330,KES
16/09/2019,SBM,49330,9862,16591,10855,7708,48351,KES
17/09/2019,SBM,48351,10499,17718,10920,6423,49147,KES
18/09/2019,SBM,49147,7951,17975,10182,7422,51749,KES
19/09/2019,SBM,51749,8253,17616,10050,6504,54608,KES
20/09/2019,SBM,54608,8771,19700,10766,6391,59146,KES
21/09/2019,SBM,59146,7857,19741,10693,7121,63909,KES
22/09/2019,SBM,63909,10436,16290,10162,6638,63125,KES
23/09/2019,SBM,63125,10122,15800,10898,7559,61244,KES
24/09/2019,SBM,61244,8934,16318,10092,6639,61989,KES
25/09/2019,SBM,61989,9616,18171,10593,7695,62849,KES
26/09/2019,SBM,62849,10120,17956,10433,6890,63795,KES
27/09/2019,SBM,63795,8031,15607,10055,7037,64334,KES
28/09/2019,SBM,64334,8496,17576,10007,7597,65817,KES
29/09/2019,SBM,65817,8202,17594,10068,6676,68533,KES
30/09/2019,SBM,68533,9668,16642,10584,6023,69484,KES
01/10/2019,SBM,69484,8866,17090,10720,7359,70349,KES
02/10/2019,SBM,70349,10420,16278,10528,6410,69797,KES
03/10/2019,SBM,69797,9280,16658,10863,6045,71130,KES
04/10/2019,SBM,71130,11008,17878,10656,7708,70292,KES
05/10/2019,SBM,70292,7752,19448,10586,7386,74602,KES
06/10/2019,SBM,74602,9089,19394,10881,7267,77640,KES
07/10/2019,SBM,77640,8326,15812,10591,6953,78173,KES
08/10/2019,SBM,78173,11006,19477,10596,6051,80593,KES
09/10/2019,SBM,80593,9195,19616,10076,7411,83603,KES
10/10/2019,SBM,83603,7933,16007,10200,6943,84734,KES
11/10/2019,SBM,84734,8251,18582,10184,6821,88244,KES
12/10/2019,SBM,88244,9095,15995,10693,7490,87654,KES
13/10/2019,SBM,87654,9111,18928,10843,7406,90065,KES
14/10/2019,SBM,90065,10345,18579,10018,7426,90873,KES
15/10/2019,SBM,90873,7933,19845,10435,6518,96267,KES
16/10/2019,SBM,96267,8131,17718,10413,6099,99755,KES
17/10/2019,SBM,99755,8455,18526,10025,7761,102065,KES
18/10/2019,SBM,102065,8777,16283,10063,7937,101634,KES
19/10/2019,SBM,101634,8470,18837,10876,7586,104415,KES
20/10/2019,SBM,104415,10824,19724,10476,7457,105858,KES
21/10/2019,SBM,105858,10133,17364,10063,6222,106867,KES
22/10/2019,SBM,106867,7737,16355,10280,7035,108450,KES
23/10/2019,SBM,108450,9731,17402,10505,6193,109928,KES
24/10/2019,SBM,109928,10094,19749,10437,7141,112442,KES
25/10/2019,SBM,112442,10268,19673,10997,7171,114676,KES
26/10/2019,SBM,114676,7583,16957,10513,6375,117675,KES
27/10/2019,SBM,117675,8508,19130,10061,7561,120736,KES
28/10/2019,SBM,120736,9412,17400,10986,7013,121711,KES
29/10/2019,SBM,121711,10971,15605,10320,7273,119072,KES
30/10/2019,SBM,119072,10177,16606,10110,6675,118826,KES
31/10/2019,SBM,118826,10204,16967,10239,7235,118354,KES
01/11/2019,SBM,118354,8763,18661,10196,6669,121583,KES
02/11/2019,SBM,121583,8563,15045,10890,7036,121029,KES
03/11/2019,SBM,121029,8878,19902,10671,7670,124383,KES
04/11/2019,SBM,124383,10595,16185,10050,7081,122892,KES
05/11/2019,SBM,122892,7976,18372,10787,6280,127008,KES
06/11/2019,SBM,127008,10074,16705,10995,6463,127176,KES
07/11/2019,SBM,127176,8116,15758,10213,6402,128416,KES
08/11/2019,SBM,128416,8974,18927,10299,6930,131439,KES
09/11/2019,SBM,131439,8025,19009,10414,6249,136174,KES
10/11/2019,SBM,136174,10581,17362,10166,6996,135959,KES
11/11/2019,SBM,135959,8664,17071,10385,7707,136659,KES
12/11/2019,SBM,136659,9099,16534,10601,7897,136197,KES
13/11/2019,SBM,136197,7503,15963,10160,6896,137761,KES
14/11/2019,SBM,137761,7941,16670,10087,7089,139401,KES
15/11/2019,SBM,139401,9084,19886,10313,6443,143760,KES
16/11/2019,SBM,143760,7961,17697,10339,6983,146513,KES
17/11/2019,SBM,146513,10958,18688,10437,6474,147769,KES
18/11/2019,SBM,147769,7609,19291,10888,6476,152975,KES
19/11/2019,SBM,152975,9009,18663,10819,7522,155107,KES
20/11/2019,SBM,155107,9033,18342,10867,7562,156854,KES
21/11/2019,SBM,156854,8467,16711,10741,6799,158299,KES
22/11/2019,SBM,158299,9717,18708,10619,6477,160813,KES
23/11/2019,SBM,160813,8592,17448,10384,7561,162108,KES
24/11/2019,SBM,162108,10733,15539,10548,7678,159236,KES
25/11/2019,SBM,159236,10987,19729,10823,6374,161604,KES
26/11/2019,SBM,161604,8291,16822,10681,6526,163609,KES
27/11/2019,SBM,163609,10170,17414,10800,7654,163199,KES
28/11/2019,SBM,163199,9954,17060,10007,7819,162486,KES
29/11/2019,SBM,162486,10393,18506,10188,7809,162790,KES
30/11/2019,SBM,162790,10560,18643,10088,7182,163691,KES
01/12/2019,SBM,163691,8048,19786,10114,6545,168884,KES
02/12/2019,SBM,168884,10859,19957,10159,6319,171663,KES
03/12/2019,SBM,171663,9114,16756,10285,6549,172756,KES
04/12/2019,SBM,172756,8999,15849,10115,6787,172819,KES
05/12/2019,SBM,172819,10155,19332,10109,6669,175327,KES
06/12/2019,SBM,175327,8389,17718,10593,6645,178011,KES
07/12/2019,SBM,178011,9381,16316,10999,6303,178643,KES
08/12/2019,SBM,178643,8701,16712,10469,6253,180401,KES
09/12/2019,SBM,180401,7853,17039,10787,6923,182664,KES
10/12/2019,SBM,182664,8502,16635,10905,6207,184590,KES
11/12/2019,SBM,184590,9066,18120,10309,7732,185912,KES
12/12/2019,SBM,185912,8494,19246,10643,7091,189573,KES
13/12/2019,SBM,189573,10888,19144,10778,7533,190296,KES
14/12/2019,SBM,190296,7828,19188,10977,7997,193659,KES
15/12/2019,SBM,193659,8759,17377,10708,6110,196167,KES
16/12/2019,SBM,196167,7570,17295,10598,6832,199060,KES
17/12/2019,SBM,199060,7806,19595,10657,6375,204474,KES
18/12/2019,SBM,204474,8441,15669,10553,7617,204085,KES
19/12/2019,SBM,204085,10687,15213,10045,7424,201187,KES
20/12/2019,SBM,201187,10326,15821,10130,7381,199301,KES
21/12/2019,SBM,199301,7751,19525,10548,7206,203869,KES
22/12/2019,SBM,203869,10510,17612,10711,6432,204539,KES
23/12/2019,SBM,204539,10306,15743,10802,7142,202834,KES
24/12/2019,SBM,202834,9566,18788,10590,6477,205579,KES
25/12/2019,SBM,205579,10244,17742,10480,6447,206630,KES
26/12/2019,SBM,206630,10814,18155,10129,6323,207648,KES
27/12/2019,SBM,207648,7607,16299,10633,7664,208676,KES
28/12/2019,SBM,208676,7788,19260,10823,6045,214103,KES
29/12/2019,SBM,214103,10265,18635,10283,7668,214805,KES
30/12/2019,SBM,214805,8796,15034,10410,6259,214784,KES
31/12/2019,SBM,214784,9687,17598,10710,7751,214944,KES
01/01/2020,SBM,214944,8193,19789,10618,7992,218548,KES
02/01/2020,SBM,218548,10100,18276,10628,7491,219233,KES
03/01/2020,SBM,219233,7920,18597,10635,7703,222207,KES
04/01/2020,SBM,222207,10823,15396,10947,7222,219558,KES
05/01/2020,SBM,219558,9401,15143,10919,7165,218135,KES
06/01/2020,SBM,218135,10799,15492,10480,7683,215145,KES
07/01/2020,SBM,215145,8983,15652,10102,7856,213958,KES
08/01/2020,SBM,213958,8465,18405,10744,7444,216454,KES
09/01/2020,SBM,216454,8724,18635,10972,7887,218478,KES
10/01/2020,SBM,218478,7979,16164,10893,6991,219672,KES
11/01/2020,SBM,219672,10810,16819,10255,6926,218755,KES
12/01/2020,SBM,218755,10274,18373,10053,6401,220453,KES
13/01/2020,SBM,220453,8631,19112,10522,7744,223190,KES
14/01/2020,SBM,223190,7986,18248,10685,7153,226299,KES
15/01/2020,SBM,226299,9928,16600,10409,7917,225054,KES
16/01/2020,SBM,225054,9422,18667,10678,7196,227103,KES
17/01/2020,SBM,227103,9324,17763,10235,7293,228249,KES
18/01/2020,SBM,228249,8539,18154,10656,7088,230776,KES
19/01/2020,SBM,230776,10556,17230,10448,6777,230673,KES
20/01/2020,SBM,230673,10626,19439,10229,7909,231577,KES
25/07/2019,CyberSource,10000,1537,1222,571,0,9685,USD
26/07/2019,CyberSource,9685,1183,1245,547,0,9747,USD
27/07/2019,CyberSource,9747,1041,1307,594,0,10013,USD
28/07/2019,CyberSource,10013,1281,1091,561,0,9823,USD
29/07/2019,CyberSource,9823,1093,1230,700,0,9960,USD
30/07/2019,CyberSource,9960,1423,1340,507,0,9877,USD
31/07/2019,CyberSource,9877,1386,1173,633,0,9664,USD
01/08/2019,CyberSource,9664,1137,1014,659,0,9541,USD
02/08/2019,CyberSource,9541,1688,1332,519,0,9185,USD
03/08/2019,CyberSource,9185,1282,1496,567,0,9399,USD
04/08/2019,CyberSource,9399,1373,1139,674,0,9165,USD
05/08/2019,CyberSource,9165,1574,1664,632,0,9255,USD
06/08/2019,CyberSource,9255,1445,1499,589,0,9309,USD
07/08/2019,CyberSource,9309,1500,1366,689,0,9175,USD
08/08/2019,CyberSource,9175,1366,1718,533,0,9527,USD
09/08/2019,CyberSource,9527,1256,1628,609,0,9899,USD
10/08/2019,CyberSource,9899,1418,1339,637,0,9820,USD
11/08/2019,CyberSource,9820,1582,1460,526,0,9698,USD
12/08/2019,CyberSource,9698,1632,1252,528,0,9318,USD
13/08/2019,CyberSource,9318,1335,1169,676,0,9152,USD
14/08/2019,CyberSource,9152,1538,1263,509,0,8877,USD
15/08/2019,CyberSource,8877,1457,1224,610,0,8644,USD
16/08/2019,CyberSource,8644,1312,1067,602,0,8399,USD
17/08/2019,CyberSource,8399,1562,1657,590,0,8494,USD
18/08/2019,CyberSource,8494,1469,1378,666,0,8403,USD
19/08/2019,CyberSource,8403,1169,1724,661,0,8958,USD
20/08/2019,CyberSource,8958,1684,1707,670,0,8981,USD
21/08/2019,CyberSource,8981,1506,1673,590,0,9148,USD
22/08/2019,CyberSource,9148,1162,1702,632,0,9688,USD
23/08/2019,CyberSource,9688,1286,1301,675,0,9703,USD
24/08/2019,CyberSource,9703,1594,1501,512,0,9610,USD
25/08/2019,CyberSource,9610,1241,1668,682,0,10037,USD
26/08/2019,CyberSource,10037,1395,1353,540,0,9995,USD
27/08/2019,CyberSource,9995,1147,1147,501,0,9995,USD
28/08/2019,CyberSource,9995,1446,1222,646,0,9771,USD
29/08/2019,CyberSource,9771,1484,1525,640,0,9812,USD
30/08/2019,CyberSource,9812,1561,1269,554,0,9520,USD
31/08/2019,CyberSource,9520,1077,1097,583,0,9540,USD
01/09/2019,CyberSource,9540,1700,1146,549,0,8986,USD
02/09/2019,CyberSource,8986,1274,1677,525,0,9389,USD
03/09/2019,CyberSource,9389,1358,1194,646,0,9225,USD
04/09/2019,CyberSource,9225,1428,1410,655,0,9207,USD
05/09/2019,CyberSource,9207,1531,1412,632,0,9088,USD
06/09/2019,CyberSource,9088,1376,1318,694,0,9030,USD
07/09/2019,CyberSource,9030,1293,1464,655,0,9201,USD
08/09/2019,CyberSource,9201,1387,1414,679,0,9228,USD
09/09/2019,CyberSource,9228,1089,1413,667,0,9552,USD
10/09/2019,CyberSource,9552,1534,1621,667,0,9639,USD
11/09/2019,CyberSource,9639,1087,1070,513,0,9622,USD
12/09/2019,CyberSource,9622,1554,1490,574,0,9558,USD
13/09/2019,CyberSource,9558,1371,1494,614,0,9681,USD
14/09/2019,CyberSource,9681,1031,1590,554,0,10240,USD
15/09/2019,CyberSource,10240,1179,1058,667,0,10119,USD
16/09/2019,CyberSource,10119,1074,1673,583,0,10718,USD
17/09/2019,CyberSource,10718,1555,1654,514,0,10817,USD
18/09/2019,CyberSource,10817,1396,1334,579,0,10755,USD
19/09/2019,CyberSource,10755,1350,1244,544,0,10649,USD
20/09/2019,CyberSource,10649,1392,1641,522,0,10898,USD
21/09/2019,CyberSource,10898,1128,1743,571,0,11513,USD
22/09/2019,CyberSource,11513,1046,1028,565,0,11495,USD
23/09/2019,CyberSource,11495,1297,1184,555,0,11382,USD
24/09/2019,CyberSource,11382,1203,1715,694,0,11894,USD
25/09/2019,CyberSource,11894,1337,1069,567,0,11626,USD
26/09/2019,CyberSource,11626,1096,1588,630,0,12118,USD
27/09/2019,CyberSource,12118,1437,1638,672,0,12319,USD
28/09/2019,CyberSource,12319,1030,1537,647,0,12826,USD
29/09/2019,CyberSource,12826,1681,1481,502,0,12626,USD
30/09/2019,CyberSource,12626,1096,1057,606,0,12587,USD
01/10/2019,CyberSource,12587,1660,1091,534,0,12018,USD
02/10/2019,CyberSource,12018,1526,1700,505,0,12192,USD
03/10/2019,CyberSource,12192,1375,1086,548,0,11903,USD
04/10/2019,CyberSource,11903,1683,1714,525,0,11934,USD
05/10/2019,CyberSource,11934,1458,1357,514,0,11833,USD
06/10/2019,CyberSource,11833,1596,1115,559,0,11352,USD
07/10/2019,CyberSource,11352,1067,1007,547,0,11292,USD
08/10/2019,CyberSource,11292,1181,1685,516,0,11796,USD
09/10/2019,CyberSource,11796,1522,1159,670,0,11433,USD
10/10/2019,CyberSource,11433,1308,1396,679,0,11521,USD
11/10/2019,CyberSource,11521,1214,1268,540,0,11575,USD
12/10/2019,CyberSource,11575,1050,1625,570,0,12150,USD
13/10/2019,CyberSource,12150,1431,1744,672,0,12463,USD
14/10/2019,CyberSource,12463,1235,1156,651,0,12384,USD
15/10/2019,CyberSource,12384,1249,1333,589,0,12468,USD
16/10/2019,CyberSource,12468,1506,1445,631,0,12407,USD
17/10/2019,CyberSource,12407,1448,1260,646,0,12219,USD
18/10/2019,CyberSource,12219,1008,1691,604,0,12902,USD
19/10/2019,CyberSource,12902,1480,1167,660,0,12589,USD
20/10/2019,CyberSource,12589,1187,1256,623,0,12658,USD
21/10/2019,CyberSource,12658,1100,1167,552,0,12725,USD
22/10/2019,CyberSource,12725,1156,1479,661,0,13048,USD
23/10/2019,CyberSource,13048,1005,1536,520,0,13579,USD
24/10/2019,CyberSource,13579,1224,1024,566,0,13379,USD
25/10/2019,CyberSource,13379,1359,1612,695,0,13632,USD
26/10/2019,CyberSource,13632,1188,1165,660,0,13609,USD
27/10/2019,CyberSource,13609,1286,1221,554,0,13544,USD
28/10/2019,CyberSource,13544,1225,1658,660,0,13977,USD
29/10/2019,CyberSource,13977,1247,1353,604,0,14083,USD
30/10/2019,CyberSource,14083,1665,1539,675,0,13957,USD
31/10/2019,CyberSource,13957,1173,1262,663,0,14046,USD
01/11/2019,CyberSource,14046,1426,1056,527,0,13676,USD
02/11/2019,CyberSource,13676,1366,1136,563,0,13446,USD
03/11/2019,CyberSource,13446,1228,1207,691,0,13425,USD
04/11/2019,CyberSource,13425,1341,1676,623,0,13760,USD
05/11/2019,CyberSource,13760,1667,1745,548,0,13838,USD
06/11/2019,CyberSource,13838,1350,1132,688,0,13620,USD
07/11/2019,CyberSource,13620,1429,1606,557,0,13797,USD
08/11/2019,CyberSource,13797,1227,1098,583,0,13668,USD
09/11/2019,CyberSource,13668,1068,1375,628,0,13975,USD
10/11/2019,CyberSource,13975,1009,1347,582,0,14313,USD
11/11/2019,CyberSource,14313,1182,1265,570,0,14396,USD
12/11/2019,CyberSource,14396,1303,1279,551,0,14372,USD
13/11/2019,CyberSource,14372,1078,1548,678,0,14842,USD
14/11/2019,CyberSource,14842,1300,1505,626,0,15047,USD
15/11/2019,CyberSource,15047,1275,1032,610,0,14804,USD
16/11/2019,CyberSource,14804,1251,1301,515,0,14854,USD
17/11/2019,CyberSource,14854,1366,1368,611,0,14856,USD
18/11/2019,CyberSource,14856,1148,1098,534,0,14806,USD
19/11/2019,CyberSource,14806,1536,1267,593,0,14537,USD
20/11/2019,CyberSource,14537,1367,1422,589,0,14592,USD
21/11/2019,CyberSource,14592,1310,1220,692,0,14502,USD
22/11/2019,CyberSource,14502,1222,1092,623,0,14372,USD
23/11/2019,CyberSource,14372,1468,1294,544,0,14198,USD
24/11/2019,CyberSource,14198,1463,1171,524,0,13906,USD
25/11/2019,CyberSource,13906,1378,1017,553,0,13545,USD
26/11/2019,CyberSource,13545,1426,1093,547,0,13212,USD
27/11/2019,CyberSource,13212,1335,1583,700,0,13460,USD
28/11/2019,CyberSource,13460,1427,1089,504,0,13122,USD
29/11/2019,CyberSource,13122,1320,1134,543,0,12936,USD
30/11/2019,CyberSource,12936,1015,1616,548,0,13537,USD
01/12/2019,CyberSource,13537,1266,1643,568,0,13914,USD
02/12/2019,CyberSource,13914,1624,1087,604,0,13377,USD
03/12/2019,CyberSource,13377,1337,1015,598,0,13055,USD
04/12/2019,CyberSource,13055,1317,1449,514,0,13187,USD
05/12/2019,CyberSource,13187,1611,1211,695,0,12787,USD
06/12/2019,CyberSource,12787,1381,1593,618,0,12999,USD
07/12/2019,CyberSource,12999,1322,1427,654,0,13104,USD
08/12/2019,CyberSource,13104,1151,1079,620,0,13032,USD
09/12/2019,CyberSource,13032,1611,1709,633,0,13130,USD
10/12/2019,CyberSource,13130,1299,1213,501,0,13044,USD
11/12/2019,CyberSource,13044,1508,1690,525,0,13226,USD
12/12/2019,CyberSource,13226,1413,1715,579,0,13528,USD
13/12/2019,CyberSource,13528,1406,1631,655,0,13753,USD
14/12/2019,CyberSource,13753,1425,1191,518,0,13519,USD
15/12/2019,CyberSource,13519,1531,1224,501,0,13212,USD
16/12/2019,CyberSource,13212,1416,1294,593,0,13090,USD
17/12/2019,CyberSource,13090,1056,1345,622,0,13379,USD
18/12/2019,CyberSource,13379,1547,1369,523,0,13201,USD
19/12/2019,CyberSource,13201,1456,1343,675,0,13088,USD
20/12/2019,CyberSource,13088,1580,1179,695,0,12687,USD
21/12/2019,CyberSource,12687,1087,1483,624,0,13083,USD
22/12/2019,CyberSource,13083,1495,1435,627,0,13023,USD
23/12/2019,CyberSource,13023,1163,1526,688,0,13386,USD
24/12/2019,CyberSource,13386,1428,1534,682,0,13492,USD
25/12/2019,CyberSource,13492,1192,1207,657,0,13507,USD
26/12/2019,CyberSource,13507,1670,1190,679,0,13027,USD
27/12/2019,CyberSource,13027,1581,1235,624,0,12681,USD
28/12/2019,CyberSource,12681,1525,1675,666,0,12831,USD
29/12/2019,CyberSource,12831,1177,1343,525,0,12997,USD
30/12/2019,CyberSource,12997,1106,1704,582,0,13595,USD
31/12/2019,CyberSource,13595,1551,1480,576,0,13524,USD
01/01/2020,CyberSource,13524,1555,1418,642,0,13387,USD
02/01/2020,CyberSource,13387,1444,1646,685,0,13589,USD
03/01/2020,CyberSource,13589,1399,1094,535,0,13284,USD
04/01/2020,CyberSource,13284,1243,1366,571,0,13407,USD
05/01/2020,CyberSource,13407,1099,1488,561,0,13796,USD
06/01/2020,CyberSource,13796,1613,1106,620,0,13289,USD
07/01/2020,CyberSource,13289,1057,1047,682,0,13279,USD
08/01/2020,CyberSource,13279,1250,1072,516,0,13101,USD
09/01/2020,CyberSource,13101,1162,1225,529,0,13164,USD
10/01/2020,CyberSource,13164,1127,1212,575,0,13249,USD
11/01/2020,CyberSource,13249,1600,1193,557,0,12842,USD
12/01/2020,CyberSource,12842,1071,1423,565,0,13194,USD
13/01/2020,CyberSource,13194,1400,1548,503,0,13342,USD
14/01/2020,CyberSource,13342,1401,1498,542,0,13439,USD
15/01/2020,CyberSource,13439,1373,1022,574,0,13088,USD
16/01/2020,CyberSource,13088,1234,1622,687,0,13476,USD
17/01/2020,CyberSource,13476,1680,1663,580,0,13459,USD
18/01/2020,CyberSource,13459,1065,1641,644,0,14035,USD
19/01/2020,CyberSource,14035,1505,1579,650,0,14109,USD
20/01/2020,CyberSource,14109,1374,1345,575,0,14080,USD